ISO3,Country,Region,Income_Level,M_Score,I_Score,N_Score,D_Score,MIND_Score,Binding_Constraint,NY.GNP.PCAP.PP.CD,EG.ELC.ACCS.ZS,SP.DYN.LE00.IN,SH.H2O.SMDW.ZS,SE.TER.ENRR,GB.XPD.RSDV.GD.ZS,IT.NET.USER.ZS,SE.XPD.TOTL.GD.ZS,NE.TRD.GNFS.ZS,IT.CEL.SETS.P2,BX.KLT.DINV.WD.GD.ZS,ST.INT.ARVL,SG.GEN.PARL.ZS,SL.TLF.CACT.FE.ZS,EG.FEC.RNEW.ZS,TX.VAL.TECH.MF.ZS
ABW,Aruba,Latin America & Caribbean,High income,68.86,44.59,29.61,9.22,30.26,D,47960,100,76.5,,14.0655418559377,,97.17,3.61855755636695,160.365278789947,130.647974615427,2.42051208397071,1951000,,,8.8,6.86800836378335
AFG,Afghanistan,"Middle East, North Africa, Afghanistan & Pakistan",Low income,35.24,11.83,16.55,23.34,20.03,I,2210,85.3,66.289,30.5547223111169,10.85435962677,,16.09499931,,67.5846651516385,60.0990815591219,0.144466946606861,,27.0161290322581,5.086,20,
AGO,Angola,Sub-Saharan Africa,Lower middle income,25.63,21.67,12.27,58.95,25.18,N,9460,51.1,64.805,,9.9549065722902,,40.70479965,2.51273663315785,50.8422305562091,69.7039467163584,-1.0986881170909,218000,39.0909090909091,72.224,52.9,16.6897206933082
ALB,Albania,Europe & Central Asia,Upper middle income,67.36,45.02,18.97,44.79,40.06,N,26500,100,79.776,70.7937363898968,84.1496200561523,0.19997,85.86389923,3.09153008460998,79.4546360752224,89.1328603947682,6.32349466068578,2658000,35,58.567,41.9,1.52935344981595
AND,Andorra,Europe & Central Asia,High income,86.92,41.15,31.83,45.93,47.82,N,76090,100,84.188,90.6400018060858,67.6767676767677,0.15818,94.39759827,1.89867997169495,,155.692108667529,6.64266743694098,5207000,50,,18.7,21.4346319155008
ARE,United Arab Emirates,"Middle East, North Africa, Afghanistan & Pakistan",High income,89.17,51.28,44.84,41.13,53.89,D,81530,100,83.069,98.6413172332089,63.7384451086316,1.49469,100,3.89404010772705,199.044979237546,203.206410299544,8.26261712974626,8084000,50,53.027,1,8.96029397394575
ARG,Argentina,Latin America & Caribbean,Upper middle income,65.10,56.44,22.40,37.57,41.93,N,29800,100,77.543,,107.822574129434,0.60111,89.66715228,5.00324010848999,27.929760849367,140.234979049333,1.82409522925391,7399000,41.2451361867704,52.469,9.2,3.85019697474113
ARM,Armenia,Europe & Central Asia,Upper middle income,68.13,36.36,28.62,42.22,41.59,N,22020,100,78.319512195122,82.0728191880242,52.7748065090859,0.2861,81.33930206,2.43869996070862,150.064726588742,134.88694751567,0.506878336560983,375000,38.3177570093458,51.057,9.1,23.6403270515259
ASM,American Samoa,East Asia & Pacific,High income,72.59,7.47,16.07,0.00,0.00,D,,,72.992,90.5383360522023,19.6201190948486,,0,,124.684270952928,,,899.999976158142,,,0.4,
ATG,Antigua and Barbuda,Latin America & Caribbean,High income,65.90,38.17,36.73,3.65,24.10,D,31730,100,77.766,,25.1156271899089,,72.73040009,3.10505161832136,117.703527768353,200.540715208962,11.1314252318887,384500,5.55555555555556,,0.9,0
AUS,Australia,East Asia & Pacific,High income,82.72,63.54,18.83,50.73,47.34,N,69600,100,83.0512195121951,,108.421989440918,1.85783,96.13140106,5.05915021896362,47.1453811065195,112.581025002429,3.03883928325354,1828000,46,62.513,12.3,25.1586416457084
AUT,Austria,Europe & Central Asia,High income,86.74,65.44,28.67,47.82,52.82,N,74160,100,81.9951219512195,98.8915357232143,92.6126708984375,3.25517,91.92573373,5.27749013900757,108.825777834405,124.45929984531,2.55351579610657,15091000,35.5191256830601,55.059,36,18.4525766859019
AZE,Azerbaijan,Europe & Central Asia,Upper middle income,58.73,38.44,20.32,28.65,33.86,N,24220,100,74.576,57.8118283196096,41.3413783372226,0.20778,90.80000181,3.66036009788513,82.6898691594703,109.543149535867,0.311206693209432,796000,20.8,60.759,1.3,2.91095088102775
BDI,Burundi,Sub-Saharan Africa,Low income,7.39,15.27,12.41,64.64,17.35,M,1200,11.6,63.818,,6.38454008102417,,8.595999718,4.5040397644043,,63.1631365759764,1.08105925624791,299000,39.6396396396396,79.498,83,1.30508367041098
BEL,Belgium,Europe & Central Asia,High income,87.32,66.27,24.65,42.81,49.71,N,74770,100,82.3,99.5471345182049,82.1475601196289,3.27235,95.77579144,6.27611017227173,158.931826338067,103.90465332676,-6.1601989579997,2584000,41.3333333333333,49.78,11.7,20.3921453422236
BEN,Benin,Sub-Saharan Africa,Lower middle income,19.42,21.42,19.59,59.25,26.36,M,4390,57,60.961,17.6968322374867,10.2350101470947,,33.98379898,3.22974322056608,40.6398022401523,125.940873932186,2.5276563137227,337000,26.605504587156,75.164,54.5,30.5389584270212
BFA,Burkina Faso,Sub-Saharan Africa,Low income,8.41,19.12,19.38,47.08,19.57,M,2720,21.7,61.292,,10.0419678526515,0.10477,28.25270081,5.32757840997187,60.5024222912348,116.5895933212,0.358681465803854,67000,18.3098591549296,64.074,71.4,1.64548901950889
BGD,Bangladesh,South Asia,Lower middle income,56.32,28.50,15.80,35.94,30.90,N,10060,99.5,74.93,59.1254259857148,23.7295608009814,,53.42171316,2.0343847791384,26.7780758040478,108.077037369691,0.283870773350074,323000,20.8571428571429,38.649,25,
BGR,Bulgaria,Europe & Central Asia,High income,73.29,46.39,25.18,35.75,41.83,N,39850,100,75.7609756097561,96.2070781494387,69.5460433959961,0.79224,82.438955,4.50109004974365,110.22631455921,118.067152838789,3.1312025090285,4973000,25,50.376,20.4,13.4299683659831
BHR,Bahrain,"Middle East, North Africa, Afghanistan & Pakistan",High income,83.76,40.71,33.80,21.14,39.51,D,62230,100,81.423,98.9039755631804,58.3677241853667,0.19327,100,1.88778167912993,157.818492147586,159.536143577452,5.73694505846498,1909000,20,42.294,0,0.387343644517371
BHS,"Bahamas, The",Latin America & Caribbean,High income,64.38,40.91,18.85,29.80,34.88,N,39550,100,74.71,,14.8425798416138,,92.47270203,2.74191570247934,79.2424586933455,96.6798992232414,1.51932088638775,1794500,18.4210526315789,70.728,1.1,0
BIH,Bosnia and Herzegovina,Europe & Central Asia,Upper middle income,69.65,37.33,23.16,31.46,37.10,N,24990,100,78.044,86.400107879006,45.5027618408203,0.21437,86.10091103,3.24564826597779,95.1562957108171,121.232373011893,3.39024835333872,197000,19.047619047619,39.241,36.6,6.16317357059664
BLR,Belarus,Europe & Central Asia,Upper middle income,69.62,49.69,27.99,36.12,43.25,N,32300,100,74.3653414634147,93.0597552933534,70.1107509145358,0.5872,94.26182128,5.04593992233276,131.91792910245,131.123016605614,2.28598440253164,3598000,33.9449541284404,56.769,8.2,6.01576846359853
BLZ,Belize,Latin America & Caribbean,Upper middle income,55.94,44.55,17.27,27.30,32.92,N,13760,99.6,73.739,,24.8098643151325,,80.00582262,4.62276317232973,108.972446521476,67.1750266305468,4.00992513639046,487000,12.5,46.472,30.8,0.000191087699111545
BMU,Bermuda,North America,High income,96.51,31.78,18.02,9.81,27.14,D,129110,100,82.49,,17.3357105255127,0.22546,98.37,1.86510440752276,75.2902443250736,96.6767745528807,1.27620852105354,51400.0015258789,,,0.9,14.3007432825453
BOL,Bolivia,Latin America & Caribbean,Lower middle income,49.69,46.00,16.05,51.02,36.99,N,12620,99.8,68.739,,,0.06308,79.70469666,7.53980016708374,46.9778716148403,98.0287940811943,0.652112801170427,323299.987792969,50.7692307692308,72.868,12.8,8.79395083358911
BRA,Brazil,Latin America & Caribbean,Upper middle income,67.66,50.84,17.90,39.92,39.60,N,21590,99.8,76.023,88.6239660721414,69.7317733764648,1.1938,84.46347227,5.61920976638794,35.5845239385389,101.926846460424,3.38960802616211,6353000,18.1286549707602,53.411,46.5,11.1103644206652
BRB,Barbados,Latin America & Caribbean,High income,62.00,45.78,22.40,38.05,39.44,N,23850,100,76.332,,50.801079116886,,70.36470032,3.55593188106322,,114.580721030894,4.04185101459713,966000,26.6666666666667,61.03,5.5,19.9263557583818
BRN,Brunei Darussalam,East Asia & Pacific,High income,80.05,62.68,25.24,21.44,40.59,D,92750,100,75.501,,36.4182725443167,,96.29828801,,132.587439642245,118.130579766209,0.189449066349964,1071000,11.4285714285714,54.436,0,1.06433459453488
BTN,Bhutan,South Asia,Lower middle income,57.78,36.51,18.74,40.84,35.65,N,15320,100,73.262,65.5942159692749,13.011259392916,0.09979,91.27739716,5.84518003463745,81.7366278688545,99.7576826476519,0.338339566584512,29799.9992370605,4.25531914893617,56.7,82.5,0.0107261524845822
BWA,Botswana,Sub-Saharan Africa,Upper middle income,47.85,36.95,27.29,30.55,34.84,N,20570,76,69.293,63.2910412393649,21.4087908549348,,57.45950036,,71.1052579052124,163.999922257361,2.40833479893043,1830000,8.95522388059701,63.708,27.4,0.539469030954736
CAF,Central African Republic,Sub-Saharan Africa,Low income,1.59,8.87,8.28,51.86,8.82,M,1340,17.6,57.671,6.21748768966731,2.77519989013672,,13.78250027,1.82995911310419,46.4318999802251,38.8217901039988,1.46851186564355,87000,11.4285714285714,65.464,90.9,8.29978042191414
CAN,Canada,North America,High income,84.13,55.63,26.34,43.32,48.07,N,63630,100,82.1080487804878,96.890322656349,76.2666931152344,1.7908,94.353302,4.84426021575928,65.1499212653783,94.1059718794246,2.81029565355294,32430000,30.3206997084548,60.204,23.8,16.7779029827711
CHE,Switzerland,Europe & Central Asia,High income,91.85,61.82,27.80,53.10,53.81,N,91110,100,84.4073170731707,96.6999968881937,73.5430526733398,3.22178,97.32103855,4.86427021026611,134.09514852061,129.471369643132,-11.5737467714118,11818000,39,62.223,27.7,29.6239015157944
CHI,Channel Islands,Europe & Central Asia,High income,92.44,0.00,0.00,0.00,0.00,I,,100,81.2,,,,,,,,,,,49.249,,
CHL,Chile,Latin America & Caribbean,High income,77.62,57.36,23.88,39.75,45.34,N,34320,100,81.359,97.8170551998161,110.176902770996,0.39205,95.590243,4.91201019287109,63.859857248066,132.660408764665,3.79129110936144,5431000,33.5483870967742,52.887,24.2,8.31650307450688
CHN,China,East Asia & Pacific,Upper middle income,64.87,56.46,28.16,42.06,45.64,N,26920,100,78.017,,76.8757843123403,2.57729,91.6,3.89714002609253,37.1984201388065,131.753932036803,0.0989988051182737,30402000,26.5367819952973,59.148,15.2,26.2777380479223
CIV,Cote d'Ivoire,Sub-Saharan Africa,Lower middle income,30.45,25.51,28.30,40.99,30.81,I,7360,72.4,62.11,36.4489381559953,12.3354902267456,,41.43219902,3.61279988288879,51.2640379409119,183.875985110648,3.58346670744132,668000,13.3858267716535,59.454,58.2,5.25759412069948
CMR,Cameroon,Sub-Saharan Africa,Lower middle income,31.45,26.28,16.83,53.89,29.42,N,5490,72,63.968,,16.6614294830602,,46.25880051,2.83907623667935,34.4031785915423,108.213130152497,1.66655391243674,1021000,33.8888888888889,56.595,79.2,2.10363029161033
COD,"Congo, Dem. Rep.",Sub-Saharan Africa,Low income,8.41,14.55,15.47,49.18,17.47,M,1760,22.1,62.074,11.8726481819387,6.37987995147705,,19.67350006,2.84466514463005,100.554088317275,58.532153345468,4.10789956662809,351000,12.8,61.848,96.3,0.199611665225369
COG,"Congo, Rep.",Sub-Saharan Africa,Lower middle income,30.27,21.14,19.70,46.38,27.65,N,6340,51.3,66.001,45.8748419970802,10.3812103271484,0.38339,47.25159836,3.34005209256916,93.1881220839752,95.5319320614796,3.83980276481754,158000,14.5695364238411,65.576,71.4,3.15972234574724
COL,Colombia,Latin America & Caribbean,Upper middle income,65.30,44.02,26.10,39.19,41.41,N,21890,98.7,77.913,74.33929919179,59.2901382446289,0.2894,79.34543299,,37.0254687077888,174.094289675393,3.26725954832527,1396000,29.4117647058824,51.624,29.7,9.02469704912672
COM,Comoros,Sub-Saharan Africa,Lower middle income,41.45,20.97,17.30,33.54,26.65,N,3980,89.8,67.023,,18.8190281456697,,32.51750183,2.34146896682989,44.3731767499027,109.855630436495,0.492716315085539,7000,18.1818181818182,47.649,39.3,3.13907204820087
CPV,Cabo Verde,Sub-Saharan Africa,Upper middle income,57.78,41.92,22.14,40.87,38.48,N,11000,98.6,76.224,,24.2905954414767,,74.73519897,4.3482854136693,96.5053536678629,111.84067886381,4.03361601888808,180000,44.4444444444444,50.47,21.8,1.15215005835922
CRI,Costa Rica,Latin America & Caribbean,High income,71.53,44.24,23.98,51.94,44.56,N,28840,100,80.996,80.5000742430698,55.0202903747559,0.33738,87.17019653,5.31208992004395,71.3310137687617,136.024511151268,5.55680052586902,1146500,49.1228070175439,46.017,34.2,22.8587994049653
CUB,Cuba,Latin America & Caribbean,Upper middle income,87.14,44.23,18.32,44.49,42.10,N,,100,78.264,,43.1040700506779,0.43839,70.47699738,8.44086351669284,124.863238865053,72.930002350684,,1086000,55.7446808510638,39.974,20.9,7.87558913182664
CUW,Curacao,Latin America & Caribbean,High income,65.40,42.29,24.53,0.00,0.00,D,33300,100,76.989,,23.0842005676443,,68.1272162511339,5.44313725490196,155.268858003963,93.7975591472655,4.347105970852,1293000,,,2.8,
CYM,Cayman Islands,Latin America & Caribbean,High income,79.27,39.08,45.92,50.00,51.64,I,68030,100,80.54,,33.0195503234863,,81.0676932508161,1.57024002075195,105.472790158919,139.314997695241,166.996362350542,660000,,,0,85.5232283869582
CYP,Cyprus,Europe & Central Asia,High income,83.08,58.98,30.49,34.66,47.70,N,56200,100,81.821,99.7211088299984,120.87727355957,0.68145,89.60099246,4.74210977554321,190.40287092076,156.218025662252,-133.824278977736,4117000,14.2857142857143,61.213,15.6,18.0329234506901
CZE,Czechia,Europe & Central Asia,High income,80.71,51.06,37.11,42.62,50.53,N,54800,100,79.9780487804878,98.1448728385564,66.7282867431641,1.83369,87.68776014,4.30291986465454,131.484981069952,126.600163061009,3.76083530894919,37202000,33.5,53.456,17.2,22.4045215279558
DEU,Germany,Europe & Central Asia,High income,86.35,61.99,26.05,41.38,49.01,N,76180,100,80.7926829268293,99.9172979459354,76.7096862792969,3.1539,93.49999579,5.23916006088257,79.0907305894936,129.150921864378,1.01586176558023,12449000,32.3809523809524,55.288,17.6,17.9772990379432
DJI,Djibouti,"Middle East, North Africa, Afghanistan & Pakistan",Lower middle income,32.26,34.05,32.19,24.67,30.56,D,8030,65.2,66.202,,5.16012001037598,,65.29889679,,241.237463098287,48.4504884885996,1.63337101411676,,26.1538461538462,19.365,26.9,3.27550022198031
DMA,Dominica,Latin America & Caribbean,Upper middle income,55.26,42.26,18.02,28.74,33.16,N,21410,100,71.294,,6.9480299949646,,82.04689789,5.38572189060925,,85.1898961482058,8.70431929375585,140000,40.625,,8.9,2.88328233207454
DNK,Denmark,Europe & Central Asia,High income,89.43,65.82,31.13,53.96,56.08,N,84680,100,82.2536585365854,99.9188271389611,78.9604110717773,3.04841,99.76915157,6.35586023330688,131.765030975207,126.686532566268,4.29658848924698,15595000,43.5754189944134,60.792,39.5,17.6194498489345
DOM,Dominican Republic,Latin America & Caribbean,Upper middle income,55.03,55.12,17.04,38.97,37.67,N,26050,99.6,73.868,45.3324070681699,57.6509476207267,,91.0022446,3.7606477375256,51.7835143952326,93.7095828968519,3.6013993607877,2748000,37.3684210526316,53.655,14.8,7.68868351413961
DZA,Algeria,"Middle East, North Africa, Afghanistan & Pakistan",Upper middle income,62.00,49.44,17.88,8.64,26.23,D,17290,100,76.475,69.0291825248964,54.4283410150344,0.44395,77.4178009,8.97772026062012,40.1345741170703,115.457278573892,0.455370730483787,591000,7.86240786240786,14.142,0.1,
ECU,Ecuador,Latin America & Caribbean,Upper middle income,62.46,53.19,17.74,43.86,40.10,N,15410,98.7,77.579,69.8869997038501,67.8851161961618,,77.17273115,3.69074988365173,57.2031395531255,101.598265014024,0.355365031150455,2108000,45.0331125827815,52.386,18.9,9.99836390672699
EGY,"Egypt, Arab Rep.","Middle East, North Africa, Afghanistan & Pakistan",Lower middle income,60.63,40.56,20.97,19.25,31.56,D,18230,100,71.806,78.9401588327765,38.0398346509947,1.01757,74.64839935,,39.6007520873733,97.1295066037455,11.9719350883142,13026000,26.8456375838926,18.455,6.1,3.81290087814207
ERI,Eritrea,Sub-Saharan Africa,Low income,29.66,7.75,11.12,71.38,20.67,I,1720,54.4,68.893,,3.20262002944946,,14.34939957,,47.3937901188684,59.1248082166991,1.8886183675912,142000,22,72.838,80.7,
ESP,Spain,Europe & Central Asia,High income,85.18,57.90,32.54,43.46,51.39,N,57670,100,83.8878048780488,99.4584646653876,93.7689666748047,1.49362,95.7574516,4.58553981781006,69.9502612382631,130.260997343256,2.47896679493344,36410000,44.2857142857143,52.825,19,9.28447661569937
EST,Estonia,Europe & Central Asia,High income,79.08,53.80,29.71,47.20,49.42,N,48880,100,79.2951219512195,98.9439097263954,65.6692276000977,1.83878,92.23796204,5.20733976364136,151.037702410455,151.131825017309,-7.97097840452121,1695000,28.7128712871287,60.984,38,18.382980141257
ETH,Ethiopia,Sub-Saharan Africa,Not classified,23.61,13.72,9.90,61.70,21.09,N,3280,55.4,67.603,13.547200922558,5.9192507771213,,21.94129944,2.2978069565991,17.4004358583187,65.0825091944922,2.68582028016447,518000,41.9087136929461,58.456,90.6,3.75062055802087
FIN,Finland,Europe & Central Asia,High income,85.48,71.12,23.01,53.59,52.33,N,65640,100,82.3365853658537,99.646796710852,110.304496765137,3.0938,93.72405196,6.37578010559082,83.4601015353507,125.860954798649,2.92666706920425,896000,45.5,56.493,50.2,9.28522659633957
FJI,Fiji,East Asia & Pacific,Upper middle income,45.91,55.85,40.78,23.50,39.59,D,14490,99.3,67.463,42.1107501060855,75.0089752283697,,74.7052002,4.24679790890603,,574.152332512188,3.41161017865705,168000,9.09090909090909,38.451,28.4,2.99874841417736
FRA,France,Europe & Central Asia,High income,85.72,55.79,45.18,43.15,55.26,D,63880,100,82.9804878048781,99.7127014746794,71.5346908569336,2.17832,88.65381638,5.32434988021851,68.1081875443744,116.687800394775,1.64700185498585,117109000,36.1739130434783,51.48,16.2,23.1371073769038
FRO,Faroe Islands,Europe & Central Asia,High income,86.55,0.00,32.67,0.00,0.00,I,83290,100,83.0832463414634,,,,97.5819589384468,,105.752803037623,105.80437318324,,,,,7.9,
FSM,"Micronesia, Fed. Sts.",East Asia & Pacific,Lower middle income,40.94,24.60,12.14,20.30,22.32,N,4690,86.9,67.357,,13.3582201004028,,39.52360153,,98.4249672966653,19.9885830493962,6.43620509110735,18000,21.4285714285714,,2,
GAB,Gabon,Sub-Saharan Africa,Upper middle income,49.40,29.85,31.72,46.68,38.44,I,20400,94.1,68.511,,7.65526008605957,,68.72090149,2.31594287726056,92.0468055151256,125.337107593999,5.47750591310442,,21.5827338129496,41.629,91.3,1.77313570365975
GBR,United Kingdom,Europe & Central Asia,High income,83.81,62.60,23.22,47.87,49.14,N,61460,100,81.3868536585366,99.8229506760395,80.4146499633789,2.67614,95.4720993,5.90681982040405,62.8401605267118,121.643331373201,-0.351465690300773,11101000,40.4615384615385,57.333,12.2,29.233260009076
GEO,Georgia,Europe & Central Asia,Upper middle income,62.61,47.67,29.66,32.28,41.11,N,26200,100,74.657,70.526609726787,89.4861221313477,0.26435,83.79855689,3.98011682083814,103.456471449056,161.201784818537,4.68837813919395,1513000,16.8316831683168,56.697,25.2,3.78381539474497
GHA,Ghana,Sub-Saharan Africa,Lower middle income,40.35,36.41,26.65,33.96,33.96,N,7720,89.5,65.695,42.9413892027374,21.330810546875,,72.17569733,2.90963831638452,69.7884227390592,113.647966704673,2.14505298599888,,14.5454545454545,55.265,39,2.11003762211445
GIB,Gibraltar,Europe & Central Asia,High income,97.88,0.00,0.00,0.00,0.00,I,,100,83.63,100,,,94.4444715818151,,,97.6042968438406,,,,,0,
GIN,Guinea,Sub-Saharan Africa,Lower middle income,19.47,17.36,20.65,57.85,25.21,I,4130,51.1,60.904,,10.8547201156616,,33.30469894,1.72470879088585,97.7778177312748,97.8794996455513,5.60537419672227,99000,29.6296296296296,42.646,66.6,
GMB,"Gambia, The",Sub-Saharan Africa,Low income,34.76,26.38,20.98,30.87,27.76,N,3430,66.9,66.057,48.1790034938582,13.4765901565552,,49.49430084,2.80838156544977,42.1706172274882,126.243773523653,9.66186331873299,246000,8.62068965517241,45.459,47.7,3.34757896376015
GNB,Guinea-Bissau,Sub-Saharan Africa,Low income,19.12,15.22,21.94,61.08,24.99,I,3140,40.5,64.254,23.9850167901073,2.62031006813049,,29.77739906,,38.8065847890015,147.197631273872,1.20132689112583,52400.0015258789,9.80392156862745,60.287,87.4,
GNQ,Equatorial Guinea,Sub-Saharan Africa,Upper middle income,31.33,31.65,14.30,40.56,27.54,N,12330,66.9,63.906,,1.84452998638153,,63.29930115,,60.5414510975907,49.5380486763568,1.47277889961866,,31,52.616,4.2,
GRC,Greece,Europe & Central Asia,High income,79.62,58.81,23.66,33.77,43.98,N,43340,100,81.8390243902439,96.6861554835288,165.113418579102,1.4943,86.26968886,3.37547993659973,89.7765279446168,113.597610306796,2.6312519942121,7406000,22.8956228956229,44.666,21.5,15.011494857431
GRD,Grenada,Latin America & Caribbean,Upper middle income,65.18,63.66,20.67,25.08,38.30,N,18220,94.4,75.367,89.9176799999318,99.9891967773438,,70.16159821,5.12544845968893,,95.759239776586,11.9486288193338,217000,31.25,,10,6.4434446202485
GRL,Greenland,Europe & Central Asia,High income,59.25,0.00,33.99,0.00,0.00,I,40270,100,70.2734146341463,,,,69.4824617821988,,91.8900994375821,118.637256652974,,,,,11.7,
GTM,Guatemala,Latin America & Caribbean,Upper middle income,52.59,25.90,18.24,38.22,31.22,N,14170,100,72.746,48.7871950677385,27.2948879201171,0.00609,60.22140121,3.07588005065918,47.344196760267,112.520863034346,1.63251851384265,594000,20,38.324,62.1,5.39604303984542
GUM,Guam,East Asia & Pacific,High income,88.28,0.00,8.34,36.90,0.00,I,,100,77.422,93.9971537831548,,,80.5054655600831,,71.8668596237337,,,328000,,56.52,6.7,
GUY,Guyana,Latin America & Caribbean,High income,62.90,51.83,35.00,37.48,45.48,N,52290,98.9,70.319,67.1744374324054,26.4315792489043,,83.00080109,,194.350757310172,112.56503784518,34.9900722943113,86400.0015258789,36.1111111111111,47.35,12.1,13.3341087055182
HKG,"Hong Kong SAR, China",East Asia & Pacific,High income,91.79,60.34,61.40,53.16,65.21,D,82320,100,85.3926829268293,100,120.08978583196,1.12597,95.75536971,3.80552005767822,359.506710667464,364.848981963231,30.924624334882,3569000,,51.805,0.4,75.5706908349979
HND,Honduras,Latin America & Caribbean,Lower middle income,54.56,36.81,16.39,38.11,33.47,N,6900,95.6,73.044,65.5162211788382,23.3177890777588,,58.62269974,4.54962037172702,91.1101585856976,70.9397440517258,3.52903749551745,669000,29.6875,39.59,45.9,3.87334759570957
HRV,Croatia,Europe & Central Asia,High income,75.81,50.79,30.27,41.53,46.91,N,49740,100,78.9292682926829,87.2682692486734,81.1775207519531,1.38621,83.63240029,4.0916600227356,104.912326073253,121.732525659138,4.87780112464328,21608000,33.112582781457,47.377,34.1,11.6739199311189
HTI,Haiti,Latin America & Caribbean,Lower middle income,24.35,17.67,9.94,52.05,21.72,N,3190,51.3,65.119,,1.05140995979309,,47.8614006,0.964648012977964,22.2478853726107,65.1889329311174,0.0792936453462934,938000,2.54237288135593,58.337,76.7,
HUN,Hungary,Europe & Central Asia,High income,76.71,48.37,28.16,34.40,43.54,N,47290,100,76.7243902439025,100,60.5168685913086,1.37748,93.77898628,3.8011999130249,146.504561505902,104.58063059269,-27.9229280333136,31641000,15.5778894472362,54.312,15.3,22.5745118826045
IDN,Indonesia,East Asia & Pacific,Upper middle income,46.59,30.22,20.20,33.84,31.32,N,16010,99.4,71.288,30.4609773643609,44.8813034886441,0.28068,72.78075544,1.27517088245674,42.572647301834,122.514946500491,1.73855500774354,4053000,21.8965517241379,53.72,20.2,8.7110437578916
IMN,Isle of Man,Europe & Central Asia,High income,94.79,0.00,0.00,0.00,0.00,I,,100,81.091,99.9105964912281,,,,,,,,,,,2.7,
IND,India,South Asia,Lower middle income,58.71,34.49,18.39,30.49,32.64,N,11000,99.5,72.235,76.4421942140842,34.4465039692543,0.64558,70,4.09865814174589,44.6492935069676,79.3526921826412,0.694133152879562,17914000,13.7867647058824,32.425,34.9,18.5723946411049
IRL,Ireland,Europe & Central Asia,High income,92.52,51.90,35.92,49.91,54.17,N,101180,100,83.009756097561,96.1250111631294,77.5933380126953,1.58829,97.18769836,2.90461993217468,246.169874857401,112.638817343502,0.791076186083952,10951000,25.2873563218391,59.755,12.7,53.5184328432158
IRN,"Iran, Islamic Rep.","Middle East, North Africa, Afghanistan & Pakistan",Upper middle income,70.54,41.21,26.74,5.60,25.69,D,19820,100,77.854,94.4122052108484,58.6838607788086,0.72665,85.3404007,2.82443290958712,52.0621306794348,174.066388972063,0.304914200880697,1550000,4.91228070175439,14.013,0.9,0.814007923197325
IRQ,Iraq,"Middle East, North Africa, Afghanistan & Pakistan",Upper middle income,55.32,31.09,23.21,18.19,29.19,D,14530,100,72.424,59.8272461307615,15.5580997467041,0.0407,81.47450256,,70.7087434748943,100.080276677726,-2.73525447039729,,25.531914893617,10.937,1.1,
ISL,Iceland,Europe & Central Asia,High income,89.82,65.11,23.43,81.46,57.80,N,84060,100,82.809756097561,100,76.5200729370117,2.64005,98.209198,7.30798006057739,85.9671932681303,120.927513243653,8.51889361391957,488000,46.031746031746,70.012,82.4,53.9722930663779
ISR,Israel,"Middle East, North Africa, Afghanistan & Pakistan",High income,84.38,69.68,28.74,43.16,51.97,N,56790,100,83.1975609756098,99.4619876940454,56.2561111450195,6.34589,88.18242225,5.93291997909546,54.4520002969727,177.393104798636,2.73472411141711,4905000,24.1666666666667,62.278,6.2,37.2335173751738
ITA,Italy,Europe & Central Asia,High income,85.34,51.02,32.64,34.97,47.22,N,61620,100,83.9512195121951,96.7584358284994,75.9496536254883,1.37935,89.2207202,4.06775999069214,62.8237685119526,132.575141676252,1.13001784266315,38419000,32.75,40.806,17.5,12.2827088504022
JAM,Jamaica,Latin America & Caribbean,Upper middle income,52.36,50.69,22.46,35.97,38.27,N,12690,97.7,71.606,,26.2334142821948,,90.10870361,5.51383018493652,,117.693907561175,1.38581813054415,1329699.95117188,30.1587301587302,63.033,10.5,2.64698979146794
JOR,Jordan,"Middle East, North Africa, Afghanistan & Pakistan",Lower middle income,67.28,49.17,16.94,16.10,30.82,D,10570,100,77.981,88.9502985282712,35.9184001120427,,95.62244985,3.23356008529663,99.6794477365724,69.6426153972396,3.06387579665258,1240000,19.5652173913043,16.029,11.5,2.08415985427159
JPN,Japan,East Asia & Pacific,High income,84.67,54.84,27.64,31.58,44.87,N,55490,100,84.0363414634146,98.7270242077337,64.4907608032227,3.44125,85.54153081,3.33663988113403,46.4069516150859,178.432441299977,0.401239653950032,4115799.8046875,15.6989247311828,55.905,8.8,17.5547415163067
KAZ,Kazakhstan,Europe & Central Asia,Upper middle income,70.47,43.72,21.13,41.16,40.46,N,37590,100,74.531,91.5454182335736,52.8612860406142,0.16242,93.39167254,4.86469984054565,57.1613431963924,127.085151242164,0.678943746848058,2035000,18.3673469387755,62.649,2,42.19530029659
KEN,Kenya,Sub-Saharan Africa,Lower middle income,33.16,21.23,19.73,48.51,28.65,N,6540,76.2,63.834,,10.4185962462804,0.81069,34.97622513,4.02242346098974,40.1860139968756,126.477706000949,0.385110027210407,2049000,23.3918128654971,63.036,67.7,3.15003013612034
KGZ,Kyrgyz Republic,Europe & Central Asia,Lower middle income,57.67,47.05,26.25,38.50,40.69,N,7900,100,72.4,73.8812993002318,53.8761747562613,0.05269,92.0286026,6.82694680798777,127.650577802859,107.49229509732,4.03548948093475,8508000,33.3333333333333,44.136,27.6,10.6711117431705
KHM,Cambodia,East Asia & Pacific,Lower middle income,43.11,33.27,27.49,45.32,36.56,N,7910,95,70.817,29.9855761398875,21.4437426836662,,68.47530365,2.1809128340295,143.447009703011,116.091961125929,9.48089832015712,1306000,13.6,77.351,52.4,5.26214140574212
KIR,Kiribati,East Asia & Pacific,Lower middle income,35.20,64.02,14.98,22.69,29.58,N,6060,95.9,66.6,15.0879416013618,4.96087980270386,,89.44029999,16.39053,107.603778509938,53.5244353915461,2.62220169231084,12000,11.1111111111111,,41.9,2.29693114054698
KNA,St. Kitts and Nevis,Latin America & Caribbean,High income,60.06,59.87,22.84,28.84,39.23,N,34460,100,72.281,,93.92236328125,,76.88400269,3.49726171629099,,118.893023653706,3.74957950139418,301399.993896484,31.25,,1.5,
KOR,"Korea, Rep.",East Asia & Pacific,High income,85.78,78.29,29.32,38.64,52.52,N,61930,100,83.6292682926829,99.2826694575636,111.853302001953,4.94352,97.89563777,5.40910005569458,84.6424951192038,172.520241179065,0.685857996519477,2519000,20.3333333333333,56.782,3.6,36.2582559366674
KWT,Kuwait,"Middle East, North Africa, Afghanistan & Pakistan",High income,87.11,48.00,29.38,16.94,37.98,D,63270,100,84.580487804878,100,51.8967176944636,0.08954,100,6.43592667889685,96.0797881582,167.68428501222,0.383567812220823,2161000,3.07692307692308,47.2,0.1,5.82777648932315
LAO,Lao PDR,East Asia & Pacific,Lower middle income,43.75,27.95,14.87,43.80,29.87,N,9160,96.5,69.225,35.1877230763634,14.8841695785522,,65.59269714,1.23375160355741,75.0918909204124,64.7588066942788,5.98958863567394,886400.024414063,21.9512195121951,61.56,49.2,7.41963729583454
LBN,Lebanon,"Middle East, North Africa, Afghanistan & Pakistan",Lower middle income,56.62,44.00,18.08,11.13,26.61,D,12420,100,77.945,47.7,54.4012561547071,,80.63400269,1.22490869993085,104.206410069182,74.0148340435503,3.26435467389127,1936000,6.25,22.234,6.8,2.89591276881506
LBR,Liberia,Sub-Saharan Africa,Low income,13.47,18.45,13.35,51.79,20.36,N,1750,32.5,62.324,,10.838520055325,,32.23360062,2.2665256232687,,32.0638885570006,9.86626133953545,,10.958904109589,72.029,92.8,0.643718596498284
LBY,Libya,"Middle East, North Africa, Afghanistan & Pakistan",Upper middle income,43.24,64.79,46.41,23.01,41.59,D,15400,73.2,71.121,,58.543701171875,,81.95449829,,128.816175842936,192.97309381967,1.80500147243983,,16.4705882352941,32.995,3.1,
LCA,St. Lucia,Latin America & Caribbean,Upper middle income,58.08,35.82,20.17,28.79,33.15,N,24840,100,72.846,,15.0396404266357,,68.20500183,3.84700018653403,,98.6676436534083,7.32073642166254,432500,10.5263157894737,61.995,9.7,9.33224017462958
LIE,Liechtenstein,Europe & Central Asia,High income,98.57,78.46,17.04,59.36,52.89,N,,100,84.2,100,46.0189590454102,6.00984,98.2641983,,,128.901429646351,-1303.10826691135,58400.0015258789,32,,56.9,
LKA,Sri Lanka,South Asia,Lower middle income,56.76,20.97,20.34,26.42,28.28,N,15240,100,77.672,46.9329705143603,20.7412633848006,0.10506,54.59,1.82774571561927,42.3975008711047,132.548743018664,0.769118881748846,540000,9.77777777777778,30.992,48.8,1.53793971540437
LSO,Lesotho,Sub-Saharan Africa,Lower middle income,20.12,27.53,19.50,34.56,24.72,N,3580,57.3,57.798,31.320241708541,9.93844298033582,0.09453,51.79660034,6.62253066096596,141.51375589725,70.328049309004,-0.5534084172031,1142000,25,48.091,34.9,0.0895832496967832
LTU,Lithuania,Europe & Central Asia,High income,77.64,49.92,30.03,44.34,47.66,N,53920,100,77.1951219512195,96.7335742559147,75.6177368164062,1.04977,89.16116293,4.25285005569458,143.04839086338,138.728835196967,5.53816765536591,2284000,28.3687943262411,57.668,33.2,17.3245506640985
LUX,Luxembourg,Europe & Central Asia,High income,95.59,40.31,64.97,39.83,56.19,D,110650,100,83.1951219512195,99.6530550152333,22.4103698730469,1.07045,99.12902211,3.74451994895935,351.267921153192,144.474949556306,113.622225285264,525000,35,57.474,20.5,5.0736120319212
LVA,Latvia,Europe & Central Asia,High income,74.69,51.53,26.81,47.69,47.10,N,42660,100,76.4292682926829,97.0114068663046,82.917350769043,0.8236,92.70757011,4.3196702003479,132.262507895925,121.262202363304,3.46583040049498,3204000,31,55.248,44,17.4901914812882
MAC,"Macao SAR, China",East Asia & Pacific,High income,96.36,55.01,38.90,28.98,49.44,D,113320,100,83.3317073170732,100,141.864795918367,0.31097,89.82640076,3.50183010101318,142.07943455076,201.136947388589,3.82364491952989,5897000,,63.098,11,0
MAF,St. Martin (French part),Latin America & Caribbean,High income,92.84,0.00,0.00,0.00,0.00,I,,100,80.438,96.6254814641877,,,,,,,,,,,,
MAR,Morocco,"Middle East, North Africa, Afghanistan & Pakistan",Lower middle income,62.58,58.55,27.46,20.34,37.82,D,10260,100,75.493,79.9818072279602,48.1839617510572,,91.2,6.02096928801329,92.1872446062404,153.057260079672,1.02047789871899,2802000,24.3037974683544,19.696,10.9,5.43070567261144
MCO,Monaco,Europe & Central Asia,High income,100.00,57.95,19.95,0.00,0.00,D,,100,86.497,100,77.4806900024414,,99.04489899,1.73223996162415,,107.400792109963,,159000,45.8333333333333,,,
MDA,Moldova,Europe & Central Asia,Upper middle income,59.47,47.90,22.33,46.25,41.42,N,18710,100,71.332,75.8158908711072,74.7109378669046,0.21589,77.3687973,6.55709981918335,88.6661154286831,120.083487069521,2.51844626798863,29000,39.6039603960396,72.33,21.4,2.92514721596985
MDG,Madagascar,Sub-Saharan Africa,Low income,17.64,14.69,14.11,54.03,21.08,N,1830,39.4,63.835,22.0559944937861,6.1466638463036,,18.67790031,3.04770386693564,54.9795881437152,75.4562966735535,3.47985819890072,87099.9984741211,14.1104294478528,82.913,83.1,0.958835172179217
MDV,Maldives,South Asia,Upper middle income,67.83,54.38,32.82,13.31,35.63,D,23400,100,81.285,,48.4968654322788,,85.23999786,5.16706374664829,156.473955741011,148.137074909198,11.416720004027,555000,3.2258064516129,40.732,1.2,0.00227056785155377
MEX,Mexico,Latin America & Caribbean,Upper middle income,55.56,38.95,35.22,46.02,43.28,N,25460,99.7,75.264,42.9666311513801,48.203441619873,0.25372,83.12233799,4.05987977981567,74.5889079825143,116.486713265167,2.44966474077028,51128000,50.2,47.45,13,19.3037596613987
MHL,Marshall Islands,East Asia & Pacific,Upper middle income,46.95,51.65,14.72,17.45,28.09,N,9680,100,67.075,,37.6853055916775,,65.915802,7.70088005065918,123.809133966775,39.7060658232902,4.60476895318283,6099.99990463257,12.1212121212121,,12.2,
MKD,North Macedonia,Europe & Central Asia,Upper middle income,66.99,47.87,25.03,37.08,41.54,N,25610,100,76.6165853658537,80.7905414925805,55.0082015991211,0.37363,93.1,,136.324876175556,108.38712260883,6.23445070666485,118000,39.1666666666667,42.742,19.5,6.3599119716616
MLI,Mali,Sub-Saharan Africa,Low income,20.24,18.13,18.59,49.85,24.15,I,3230,54.5,60.675,,5.12750941173932,0.14743,36.80149841,4.18465094218116,49.8960414309506,112.119852778009,3.43740692659041,217000,30.0751879699248,52.842,71.1,5.3606547607953
MLT,Malta,"Middle East, North Africa, Afghanistan & Pakistan",High income,85.20,51.37,54.74,46.52,57.78,D,61340,100,82.9560975609756,99.8267685287143,80.5250091552734,0.64792,93.86029816,4.71258020401001,218.170552427881,142.070062100751,170.537958922807,718000,29.1139240506329,55.799,8.6,45.179167089137
MMR,Myanmar,East Asia & Pacific,Lower middle income,42.10,20.34,21.72,37.10,28.82,I,5890,76.8,67.095,59.7239750772507,20.3723297119141,0.02307,45.4477005,,,114.329042129489,1.47879223317634,903000,15.2941176470588,40.941,62.9,5.19991999790977
MNE,Montenegro,Europe & Central Asia,Upper middle income,71.13,66.84,38.24,42.50,52.72,N,33970,100,77.890243902439,85.5009117879106,55.1743011474609,,88.88258428,,109.944104480975,221.687322527444,7.24824965709432,351000,27.1604938271605,51.246,39.6,14.4622662813729
MNG,Mongolia,East Asia & Pacific,Upper middle income,51.41,45.41,30.40,34.55,39.57,N,17000,100,72.3980487804878,43.360722296887,69.044059753418,0.08365,85.12349701,5.21229982376099,138.448379141249,140.670025377351,11.6924984371367,66900.0015258789,25.3968253968254,51.458,3,22.5365545669935
MNP,Northern Mariana Islands,East Asia & Pacific,High income,85.65,0.00,11.62,0.00,0.00,I,,100,78.947,81.4545454545454,,,0,,93.1569343065693,,,487000,,,0.5,
MOZ,Mozambique,Sub-Saharan Africa,Low income,18.04,23.47,16.39,62.38,25.65,N,1520,36,63.797,27.5429456975996,7.4630510423433,,20.52729988,5.97607342054314,95.659420351194,49.5047696961223,15.4256916399298,2033000,38.3064516129032,77.09,76.9,3.6302648420799
MRT,Mauritania,Sub-Saharan Africa,Lower middle income,29.43,35.82,27.84,25.64,29.45,D,7300,50.3,68.713,,5.97194330025359,,45.77939987,7.61007976531982,93.5988355881472,92.0748946443443,13.2039338372346,,23.2954545454545,26.18,19.6,9.44834081238425
MUS,Mauritius,Sub-Saharan Africa,Upper middle income,62.05,36.39,33.95,24.46,37.00,D,35100,100,73.7890243902439,,45.7771156388358,0.26181,73.30793533,4.247389793396,145.421700301153,172.68356921857,4.56073459342588,316000,17.910447761194,47.462,8.6,1.21703538647261
MWI,Malawi,Sub-Saharan Africa,Low income,13.21,13.03,12.36,44.28,17.52,N,1830,15.6,67.561,18.1816539742083,2.70813684546823,,18.96159935,2.74888371105811,42.4376683990967,69.260530662121,2.27963607830505,871000,21.4285714285714,58.18,62.9,1.64552794448662
MYS,Malaysia,East Asia & Pacific,Upper middle income,73.34,42.71,29.98,42.27,44.64,N,37450,100,76.821,94.700361858312,38.5013945445142,1.0121,98.0206059,3.51481008529663,137.362571161559,139.664651283564,3.6930953933026,4333000,13.5135135135135,51.643,7.5,58.6276748543331
NAM,Namibia,Sub-Saharan Africa,Lower middle income,31.52,41.41,21.45,43.22,33.17,N,11300,56.7,67.516,,26.1092654658031,0.64636,64.87460327,9.08440819434816,109.628509818932,85.1648988113055,14.4696554951116,187100.006103516,42.3076923076923,54.918,30,0.117288080576373
NCL,New Caledonia,East Asia & Pacific,High income,91.10,0.00,16.02,34.93,0.00,I,,100,78.921,96.8652854148107,,,82.0058408035186,,40.368957724281,91.6763895612682,8.48945728851914,31000,,51.067,9.6,
NER,Niger,Sub-Saharan Africa,Low income,7.78,15.83,11.48,54.95,16.70,M,2030,20.1,61.433,,4.15170730347346,,15.55760002,4.07412707618114,49.9759837351389,60.5939862118112,1.80157547660986,85000,19.5876288659794,72.776,79.6,8.61766309210248
NGA,Nigeria,Sub-Saharan Africa,Lower middle income,21.83,15.95,12.25,48.88,21.37,N,8850,61.2,54.635,29.904599188308,9.74153350922586,,41.21139908,0.319069049792343,26.1665128655299,70.7619057835431,0.428249682662515,5265000,4.21348314606742,80.7,80.3,2.71167186435579
NIC,Nicaragua,Latin America & Caribbean,Lower middle income,51.77,35.24,22.10,53.36,38.30,N,8270,88.3,75.1,,30.3635101318359,,61.39550018,2.86954998970032,98.5258377100159,105.961143065351,6.86656428120852,474000,54.9450549450549,51.253,50.4,0.596452227371355
NLD,Netherlands,Europe & Central Asia,High income,89.24,61.12,29.67,49.02,53.07,N,84970,100,81.9658536585366,99.9595063956065,86.5938262939453,2.26719,97.00679779,5.17918014526367,153.83065216636,128.538765867661,-1.40403571808501,7265000,43.3333333333333,62.71,12.2,23.4680052763745
NOR,Norway,Europe & Central Asia,High income,94.61,62.26,20.75,61.32,52.32,N,106830,100,83.1609756097561,99.0624830632163,95.4987564086914,1.85142,99,5.43234014511108,81.3635091827243,109.348606513576,2.50917917104619,1397000,40.2366863905325,62.086,61.4,25.4139359384172
NPL,Nepal,South Asia,Lower middle income,38.63,29.85,15.69,42.14,29.55,N,5830,94,70.636,16.4868856683866,21.2915596292014,,46.32189941,3.68849173764595,40.5298226771909,99.8471420273964,0.132590416512966,230000,33.0882352941176,27.473,73.7,0.617520704475872
NRU,Nauru,East Asia & Pacific,High income,36.72,63.29,30.24,10.47,29.29,D,21970,100,62.279,18.6631621110857,,,83.01170349,5.77715015411377,165.846774193548,87.1705787645115,-3.59566562291604,,10.5263157894737,,1.9,
NZL,New Zealand,East Asia & Pacific,High income,82.79,55.35,20.79,52.17,47.22,N,53600,100,82.009756097561,100,77.2406463623047,1.54848,93.51930237,5.21326017379761,51.224397222513,130.093457083544,0.676410624636643,996000,45.5284552845528,66.077,28.9,12.9670750449435
OMN,Oman,"Middle East, North Africa, Afghanistan & Pakistan",High income,75.86,41.94,26.21,9.71,30.00,D,39340,100,80.246,91.1011744135751,42.226921081543,0.38979,95.25174678,4.38311004638672,114.852671522017,120.61105087402,11.6351181523148,869000,0,29.958,0.1,5.00539346096146
PAK,Pakistan,"Middle East, North Africa, Afghanistan & Pakistan",Lower middle income,44.18,20.04,15.63,25.78,24.44,N,6100,95.6,67.799,44.9737364064737,10.8564126844434,0.16399,57.253,1.94658005237579,27.5784683520695,76.8544559649986,0.7166886452434,,17.0418006430868,24.046,41.6,2.43815248015808
PAN,Panama,Latin America & Caribbean,High income,69.26,34.11,27.16,34.00,38.43,N,39260,97,79.775,,53.6949637061742,0.19708,72.77149963,2.47225999832153,83.6737787798304,156.586507591014,3.74510335231647,647000,21.7391304347826,54.936,28,1.7673082163249
PER,Peru,Latin America & Caribbean,Upper middle income,56.90,43.77,20.42,47.98,39.52,N,16780,96.2,77.941,49.4283962319206,71.2404708862305,0.17611,81.95705992,4.35778999328613,51.4758878672647,124.623544414599,2.35092628744149,1119000,41.5384615384615,65.044,30.6,5.21372377596414
PHL,Philippines,East Asia & Pacific,Lower middle income,49.24,34.73,20.31,54.83,37.15,N,13330,98,69.946,48.4840577441825,47.4134996154186,0.27625,67.26300914,3.96922646675346,65.8854725286968,115.298749599352,2.03595540906242,1483000,28.343949044586,50.489,28,60.975307025875
PLW,Palau,East Asia & Pacific,High income,61.62,55.88,30.35,22.91,39.34,D,18320,100,69.383,90.7752173469518,71.8428437792329,,83.92549896,3.43726476321334,106.697590281594,135.386698256896,28.8707822649542,18399.9996185303,25,,0.9,
PNG,Papua New Guinea,East Asia & Pacific,Lower middle income,14.44,7.53,14.23,34.07,15.15,I,4580,20.5,66.256,,1.94981002807617,,18.81159973,0.782122804685732,131.082911016249,38.7651796406789,-0.6236311790975,39000,2.7027027027027,50.822,54.6,10.2480784684723
POL,Poland,Europe & Central Asia,High income,75.68,53.12,50.51,37.60,52.57,D,49540,100,78.409756097561,88.6755462509034,80.9149627685547,1.55525,88.58496367,4.31372976303101,100.359442847164,138.016156588197,2.24523191798779,88515000,31.304347826087,51.612,15.2,13.5099699026858
PRI,Puerto Rico (US),Latin America & Caribbean,High income,78.36,60.92,25.76,21.90,40.51,D,34060,100,81.902,98.9402618391431,77.9263575380698,,87.29178106,4.27101949674789,94.6225085555605,126.426375391555,,3882000,,36.853,2.5,
PRK,"Korea, Dem. People's Rep.",East Asia & Pacific,Low income,58.01,10.45,0.00,47.15,0.00,N,,57.5,73.743,66.6121349621259,26.7206192016602,,0,,,24.1311041179361,,,17.6128093158661,77.713,14.7,
PRT,Portugal,Europe & Central Asia,High income,81.25,53.48,24.43,42.93,46.20,N,50730,100,82.3829268292683,95.2173479483637,77.6778182983398,1.69491,88.48704454,4.55160999298096,89.696408854026,124.129981203404,4.30503475485494,4208000,35.6521739130435,54.628,32.3,6.77343918950435
PRY,Paraguay,Latin America & Caribbean,Upper middle income,58.58,34.82,22.58,47.36,38.43,N,17930,99.8,73.982,64.3647197417661,37.6179261040957,0.14117,81.57806793,3.53410005569458,76.8311565430624,126.605481531224,2.46843780233781,1077000,23.75,59.011,58.8,10.5004049492786
PSE,West Bank and Gaza,"Middle East, North Africa, Afghanistan & Pakistan",Lower middle income,55.93,54.44,15.84,12.31,27.76,D,4660,100,69.213,80.6420172046077,44.4904623709098,,86.63765334,5.43442010879517,81.3136801569531,76.6918854204372,1.18281329825606,93000,,18.934,15.4,1.84344953927492
PYF,French Polynesia,East Asia & Pacific,High income,95.16,36.35,19.88,21.28,34.78,N,,100,84.192,90.448717948718,1.45677995681763,,72.7038953132942,,64.4688665693732,118.777524029055,-0.219284661446365,89400.0015258789,,46.628,7,1.92522086808869
QAT,Qatar,"Middle East, North Africa, Afghanistan & Pakistan",High income,96.17,47.89,27.36,22.03,40.82,D,121900,100,82.522,95.345241877961,43.0178909301758,0.68058,98.08540344,,100.213640845612,153.612474384296,0.209965001654649,582000,6.12244897959184,61.85,0,2.80655334313522
ROU,Romania,Europe & Central Asia,High income,71.85,41.99,22.73,32.65,38.68,N,47920,100,76.4585365853659,82.182992939047,55.1682891845703,0.51656,91.29048551,3.2788200378418,77.2149837939003,119.804862328273,1.87134949618788,5023000,22.3564954682779,41.807,23.6,13.4497511493721
RUS,Russian Federation,Europe & Central Asia,High income,67.31,47.38,28.61,27.50,39.80,D,46780,100,73.4404878048781,76.2607294162414,60.3891235376867,0.93706,94.36495368,4.16454853394225,39.5081647660396,186.103787309059,-0.430126781944773,6359000,16.4444444444444,54.546,3.5,9.72984772707015
RWA,Rwanda,Sub-Saharan Africa,Low income,32.73,21.26,18.10,64.99,30.08,N,3620,63.9,68.017,,9.41173924647801,0.78149,31.70330048,4.61476993560791,69.9544135680561,93.201462876722,4.02009319742237,1634000,63.75,57.304,79.9,4.78472979585672
SAU,Saudi Arabia,"Middle East, North Africa, Afghanistan & Pakistan",High income,78.42,53.09,30.57,18.34,39.09,D,71730,100,78.982,,83.884129573915,0.63522,100,4.48087978363037,54.6787052668733,159.541370566589,1.72104243015611,20292000,19.8675496688742,33.573,0.1,0.544002126713625
SDN,Sudan,Sub-Saharan Africa,Low income,31.29,15.19,10.44,44.20,21.64,N,2050,66,66.521,,15.8645696640015,,18.60000038,,1.99541210225008,70.2084038614961,1.37399372870934,836000,30.5164319248826,14.452,61,
SEN,Senegal,Sub-Saharan Africa,Lower middle income,34.13,39.37,22.31,39.74,33.04,N,4920,74.2,68.924,27.1931407050582,15.3302400879779,,60.11780167,6.16277045366329,68.1405147656211,123.894453697506,6.1461393599949,1376000,41.2121212121212,38.216,35.4,3.0439766592332
SGP,Singapore,East Asia & Pacific,High income,98.16,54.83,51.19,53.10,61.85,N,126190,100,83.3463414634146,100,97.2886546863037,1.80821,94.37757178,2.19099857819757,322.371427934716,170.78256295407,24.676735941018,2742000,32.3232323232323,63.569,1.1,59.429782938503
SLB,Solomon Islands,East Asia & Pacific,Lower middle income,42.28,46.35,16.29,54.92,36.39,N,2680,81.3,70.694,,,,29.04070091,8.29349080062944,111.352972064455,62.0734995506142,2.08128126058924,4400.00009536743,6,82.337,50.1,
SLE,Sierra Leone,Sub-Saharan Africa,Low income,12.21,14.54,16.99,63.45,20.92,M,3490,35.5,61.964,10.8953836036255,1.98783004283905,,25.10499954,2.62455277942046,40.5454450452166,107.882000873042,1.7469962843978,71000,29.5302013422819,51.604,71.6,
SLV,El Salvador,Latin America & Caribbean,Upper middle income,53.35,29.44,29.67,36.11,36.02,I,12420,98.3,72.302,,32.8347079463918,0.10152,66.47769928,3.31666994094849,84.6596461582312,176.517423814642,2.61241857793703,707000,31.6666666666667,49.052,21.9,5.47333119441725
SMR,San Marino,Europe & Central Asia,High income,89.62,54.91,41.17,0.00,0.00,D,71860,100,85.817,99.9999961845643,57.5487465181059,,97.35220337,2.89753007888794,340.983395012486,120.269873863303,-0.893347982047045,1904000,35,,,
SOM,"Somalia, Fed. Rep.",Sub-Saharan Africa,Low income,16.15,9.47,23.20,51.42,20.67,I,1630,50.3,58.967,,2.41033005714417,,27.94020081,0.00000814262404011,130.325060583271,53.9579646939598,6.39257959388318,,18.978102189781,20.7,95.4,
SRB,Serbia,Europe & Central Asia,Upper middle income,65.92,46.35,25.31,52.53,44.89,N,30770,100,75.9682926829268,74.9672634764971,70.582649230957,0.93978,87.69071294,3.40377998352051,111.725028388916,123.822194984291,6.20170332537196,446000,37.2,52.629,27.2,
SSD,South Sudan,Sub-Saharan Africa,Low income,0.08,0.00,13.94,59.17,0.00,I,1010,5.4,57.738,,,,6.671000004,,65.5513491845003,46.6152369503945,0.0012502291294692,,32.3636363636364,70.393,32.4,
STP,Sao Tome and Principe,Sub-Saharan Africa,Lower middle income,39.83,35.31,11.45,33.23,27.05,N,6240,81.3,69.905,36.6800380926738,12.8210802078247,,59.11759949,5.0288576428727,,62.4367400312479,-2.02904327860989,33400.0015258789,14.5454545454545,22.749,42.5,29.2734328924522
SUR,Suriname,Latin America & Caribbean,Upper middle income,56.48,36.11,24.88,34.25,36.31,N,20000,99.6,73.757,55.8472410362348,2.56642457392281,,87.4,2.86623341491363,90.9613941465855,142.122626416427,-0.850285319023894,279000,31.3725490196078,44.915,14.5,10.3729916697731
SVK,Slovak Republic,Europe & Central Asia,High income,78.03,46.39,35.62,34.94,46.07,D,47040,100,78.3707317073171,99.5715569148418,54.4743194580078,1.03359,89.82507032,4.65688991546631,171.212800151635,139.967676092657,3.55503662060591,15299000,23.3333333333333,55.127,17.9,10.5935553645599
SVN,Slovenia,Europe & Central Asia,High income,83.53,57.84,29.10,40.25,48.77,N,56520,100,82.2853658536585,99.5745942010052,80.0806884765625,2.13385,90.76355487,5.28065013885498,155.657928684474,130.86090177123,2.5587649173879,1216000,35.5555555555556,52.297,23.4,8.34338034336379
SWE,Sweden,Europe & Central Asia,High income,89.01,70.10,27.22,59.79,56.45,N,75000,100,84.0634146341463,99.7607966673045,83.9988098144531,3.59978,95.76629783,7.31909990310669,105.883091480464,140.686673016562,4.47808450970011,1957000,44.9856733524355,61.537,57.9,17.6524551082203
SWZ,Eswatini,Sub-Saharan Africa,Lower middle income,37.54,37.62,26.26,41.28,35.18,N,10760,86.4,64.264,38.2165357028722,6.43545771863543,,63.40309906,6.03082905337534,107.480621053879,139.833459658744,1.55448906259813,345299.987792969,21.6216216216216,48.518,64.7,0.285307158606886
SXM,Sint Maarten (Dutch part),Latin America & Caribbean,High income,70.01,16.83,38.26,0.00,0.00,D,51990,100,76.528,,7.65284309533989,,,3.92363832601723,,205.372695128029,2.06435549473904,1952000,,,0,
SYC,Seychelles,Sub-Saharan Africa,High income,63.77,43.83,31.95,16.55,34.87,D,32180,100,76.2951219512195,64.7022316280556,14.5342502593994,,87.81800079,4.45409960547034,188.369185297411,125.616862703001,10.4342001858715,124500,26.4705882352941,,1.9,0.0899054165105232
SYR,Syrian Arab Republic,"Middle East, North Africa, Afghanistan & Pakistan",Low income,47.75,23.10,12.35,6.63,17.34,D,4610,88.4,72.56,,43.7606582641602,0.04217,33.77000046,,35.6094680799956,71.2231424453527,1.19065657189387,2424000,4.91803278688525,12.727,1.1,
TCA,Turks and Caicos Islands,Latin America & Caribbean,High income,61.85,13.56,10.96,0.00,0.00,D,37440,100,78.181,47.0499187664591,25.2537080405933,,0,2.94998113247616,,,2.5209301366237,370399.993896484,,,0.8,
TCD,Chad,Sub-Saharan Africa,Low income,0.28,12.59,13.53,63.40,7.42,M,2710,12,55.238,6.34082647389426,4.39665967267065,,12.62689972,3.20149725837724,47.8679892951699,72.9289782617702,5.2230945466515,10399.9996185303,33.5106382978723,47.301,70,
TGO,Togo,Sub-Saharan Africa,Low income,22.37,21.08,14.94,43.89,23.58,N,3380,59.2,62.935,20.5232352790187,14.9029897765252,0.22229,39.48320007,4.14281885166484,61.575092396894,80.8035554767112,0.786342441379874,482000,15.0442477876106,56.637,75.1,0.681948279595617
THA,Thailand,East Asia & Pacific,Upper middle income,62.30,40.85,42.58,40.57,45.79,D,23960,100,76.564,,49.0776442074561,0.93628,90.86718789,2.52122219628772,136.747107022451,160.639312286761,2.71636831286516,39916000,19.5959595959596,58.963,19,28.3057768762254
TJK,Tajikistan,Europe & Central Asia,Lower middle income,54.74,31.54,15.02,32.62,30.33,N,7100,100,71.927,65.1080715172931,35.6398418742497,0.08969,55.79339981,5.43682120015444,65.6347010367354,76.215892145748,2.05083616601343,1035000,28.5714285714286,21.897,34.9,15.2077910112936
TKM,Turkmenistan,Europe & Central Asia,Upper middle income,64.01,16.60,18.33,29.65,27.57,I,21020,100,70.201,94.8535459177809,20.4250351701637,0.09,17.99029922,4.28878021240234,28.7346076303052,88.1929367884543,3.2007384018073,,25.6,38.242,0.1,
TLS,Timor-Leste,East Asia & Pacific,Lower middle income,46.66,32.93,24.05,37.75,34.37,N,5040,100,67.904,,30.9611108169641,,35.04199982,5.24052834781801,95.4485021286221,116.382391453038,12.0853687045097,74800.0030517578,35.3846153846154,61.676,11.4,1.52605032155587
TON,Tonga,East Asia & Pacific,Upper middle income,46.56,47.25,13.61,23.68,29.02,N,8400,100,73.07,29.5984543183511,42.8611738148984,,67.4417038,5.31016278046634,79.6239205024045,61.7257858761257,0.44357392332268,94000,3.84615384615385,42.347,2.3,28.4602948799521
TTO,Trinidad and Tobago,Latin America & Caribbean,High income,63.14,31.10,21.46,24.70,31.94,N,36580,98.7,73.617,69.3692626736132,23.8493010569383,0.05039,82.15989685,3.23358011245727,,118.786668099235,-1.76782828873977,141000,23.8095238095238,47.77,0.5,0.223696636088891
TUN,Tunisia,"Middle East, North Africa, Afghanistan & Pakistan",Lower middle income,60.50,52.73,23.69,19.64,34.90,D,14230,100,76.711,64.9781072145301,38.1219482421875,,76.5,6.73398856321206,106.298549204247,117.606816067203,1.4797736580075,2012000,15.7894736842105,26.497,11.6,7.70110744284105
TUR,Turkiye,Europe & Central Asia,Upper middle income,69.04,55.68,22.37,24.21,37.99,N,44600,100,77.421,,105.88606262207,1.42224,89.77024003,3.09571003913879,54.5988061195916,107.826875714392,0.860701598247461,15971000,19.8988195615514,37.145,12,5.13775956987065
TUV,Tuvalu,East Asia & Pacific,Upper middle income,35.73,49.97,18.38,2.80,17.41,D,8320,100,67.259,8.72255043279915,19.3509615384615,,35.20000076,12.8456897735596,,98.8590872698158,0.267002517757908,3599.99990463257,0,,5.2,
TZA,Tanzania,Sub-Saharan Africa,Lower middle income,26.17,18.54,20.01,64.14,28.09,I,4130,48.3,67.212,31.3253989476029,4.01880979537964,,31.16209984,3.15504437906936,41.5131207208244,126.559163217786,2.17843632795407,1527000,39.5348837209302,80.282,78.3,3.00569275084221
UGA,Uganda,Sub-Saharan Africa,Low income,24.50,9.03,14.76,63.20,21.31,I,3190,51.5,68.487,18.0971227782691,4.61899995803833,0.4383,8.949831061,2.56105027176925,42.6527889088562,83.165031466902,6.04170465829259,473000,34.0540540540541,75.595,90.9,1.91593833437355
UKR,Ukraine,Europe & Central Asia,Upper middle income,65.68,49.61,24.14,27.79,38.45,N,18560,100,74.692,87.8683769430978,87.1920013427734,0.36988,82.47489929,5.14010000228882,77.7530113300514,133.38012811971,2.1065185105382,3382000,21.1970074812968,47.738,8.9,6.37028789775054
URY,Uruguay,Latin America & Caribbean,High income,67.20,51.11,22.64,49.71,44.34,N,34170,100,78.287,,79.9536903496537,0.70196,91.99109007,4.76461982727051,52.4649167856379,145.501755749445,-4.86239476784597,3480000,31.3131313131313,57.255,57.8,9.84178975855216
USA,United States,North America,High income,86.04,64.43,29.13,40.43,50.55,N,85980,100,78.890243902439,97.5676884437325,79.361930847168,3.44716,94.69380188,5.42038011550903,25.3786342507088,113.190481805755,1.03321085618604,45037000,28.9351851851852,56.343,10.9,24.322982844202
UZB,Uzbekistan,Europe & Central Asia,Lower middle income,60.79,45.18,20.88,29.56,36.08,N,12000,100,72.528,81.9295048040968,59.8086982926392,0.10416,89.50550079,5.47287597270024,60.7274403812997,110.492018573638,2.5972703195852,6749000,38,41.178,1,1.73386305963966
VCT,St. Vincent and the Grenadines,Latin America & Caribbean,Upper middle income,55.30,52.84,22.96,26.48,36.51,N,21150,100,71.382,,41.4983277591973,,76.19010162,6.4582691706334,,108.354536057883,12.0060314102276,392000,13.3333333333333,59.217,5.1,4.93442861881868
VEN,"Venezuela, RB",Latin America & Caribbean,Not classified,56.75,70.44,11.08,45.13,37.60,N,20800,100,72.673,,78.2699203491211,,76.67890167,,26.0811657596499,71.0075917225029,1.36272366359347,429000,32.129963898917,37.098,33.7,
VGB,British Virgin Islands,Latin America & Caribbean,High income,85.64,41.25,16.15,0.00,0.00,D,,100,77.431,,29.5605306799337,,77.7042682926829,3.17283855528435,,93.1316662866408,,83000,,,1.3,
VIR,Virgin Islands (U.S.),Latin America & Caribbean,High income,93.97,45.51,32.48,34.04,46.63,N,,100,80.7707317073171,98.6774837370682,33.5513496398926,,64.3774942980087,,205.629280821918,91.4619626157421,,8612000,,52.768,5.9,
VNM,Viet Nam,East Asia & Pacific,Lower middle income,57.29,35.31,31.08,55.56,43.23,N,15850,99.8,74.736,58.5808391368178,37.5923642016718,0.41456,84.15,2.88738689372749,173.862024782965,127.606471743496,4.23394171325231,3837000,31.3807531380753,68.551,24.2,44.256885251682
VUT,Vanuatu,East Asia & Pacific,Lower middle income,30.71,27.77,16.42,30.94,25.66,N,4140,61.6,71.654,19.1970839884387,4.87792015075684,,22.35140038,7.63695001602173,63.5996121674253,89.2943082123161,2.58164239501493,82400.0015258789,1.92307692307692,53.314,25,
WSM,Samoa,East Asia & Pacific,Upper middle income,54.27,24.71,13.65,47.37,30.52,N,8620,100,71.826,62.50194060138,16.0263900756836,,21.20000076,5.45616637544294,79.5241461770504,62.398669522115,0.318181346491415,23899.9996185303,9.80392156862745,30.739,35.9,76.6700641079328
XKX,Kosovo,Europe & Central Asia,Upper middle income,44.10,0.00,18.44,0.00,0.00,I,18290,,78.222,,,,89.4430319734879,,113.789651964133,34.5402009143477,7.67877491657097,,,,,
YEM,"Yemen, Rep.","Middle East, North Africa, Afghanistan & Pakistan",Low income,41.73,11.67,13.44,1.33,9.66,D,3020,83.6,69.439,,8.80690002441406,,17.49099922,,56.0778227215077,50.8937810578557,-1.30563839823089,,0,4.663,3.7,
ZAF,South Africa,Sub-Saharan Africa,Upper middle income,48.62,37.99,28.86,39.09,37.99,N,15150,87.7,66.312,68.0075638755656,23.493768799339,0.61479,78.35759735,6.02110004425049,61.646770473025,179.336329840585,0.580891709673066,3886600.09765625,44.8621553884712,49.881,9.7,5.70923344153222
ZMB,Zambia,Sub-Saharan Africa,Lower middle income,26.15,16.28,20.20,46.17,25.10,I,3850,51.1,66.528,,3.96159738763825,,17.10099983,4.07374933049157,62.5348874064443,108.704779873813,9.32437789659637,502000,14.9700598802395,56.426,83,1.4719428559393
ZWE,Zimbabwe,Sub-Saharan Africa,Lower middle income,25.11,15.71,15.31,55.08,24.02,N,5870,62,63.064,25.460563358156,7.74912957845971,,41.64279938,0.384771297211919,41.4865312656314,94.2451753366358,1.12046122708248,639000,30.1075268817204,62.155,82.4,2.79801736625087